{
  "schema_version": "1.0",
  "run_id": "ICS_FW1_CAL_20260401_120000",
  "timestamp_utc": "2026-05-05T17:09:39.951236Z",
  "t_ref_c": 25.0,
  "gyro_adxrs645": {
    "zero_offset_dps": -1.2231379731377778,
    "null_poly_dps": [
      0.0,
      0.08,
      0.0008
    ],
    "sens_poly": [
      1.0,
      -3.3e-05,
      -2e-06
    ]
  },
  "accel_adxl206": {
    "zero_g_cal_g": [
      -6.935255229075702e-06,
      2.8793740194149456e-05,
      -5.693227111081001e-06
    ],
    "drift_poly_x_mg": [
      0.0,
      0.2,
      0.001
    ],
    "drift_poly_y_mg": [
      0.0,
      -0.15,
      0.0008
    ],
    "drift_poly_z_mg": [
      0.0,
      0.3,
      0.0012
    ],
    "sens_tc_ppm_c": -20.0
  },
  "iepe_at10tb": {
    "sens_mv_per_g": 10.0,
    "total_sens_tc_ppm_c": -324.0
  },
  "lm95172": {
    "lsb_per_c": 128.0,
    "thresh_normal_c": 150.0,
    "thresh_warn_c": 185.0,
    "thresh_alarm_c": 190.0
  },
  "geometry": {
    "R_matrix_row_major": [
      0.9999072445466877,
      -0.0005305510507613293,
      -0.013609585542301997,
      0.00024079706518998365,
      0.9997734571124522,
      -0.02128324388314391,
      0.013617794234900664,
      0.02127799259795233,
      0.999680850427364
    ],
    "r_offset_m": [
      0.014994424005743566,
      1.5542644854464062e-05,
      0.005
    ]
  }
}